GAP_SIGN,GAP,OH,OL,BUY,SELL,HOLD,OToday,HToday,LToday,CToday,VToday,OPrevDay,HPrevDay,LPrevDay,CPrevDay,VPrevDay,date
1,0,0,1,1,0,0,1279,1288,1279,1286,3063325,1276.1,1280,1270.6,1279,1831797,January 2nd 2020
0,0.2954898911353032,1,0,0,1,0,1282.2,1285,1263.6,1268.5,5417080,1279,1288,1279,1286,3063325,January 3rd 2020
0,0.6700827749310245,1,0,0,1,0,1260,1261.75,1236,1240.95,5393225,1282.2,1285,1263.6,1268.5,5417080,January 6th 2020
1,1.4258479625069542,0,1,0,1,0,1258.9,1271.45,1252.35,1261,7261116,1260,1261.75,1236,1240.95,5393225,January 7th 2020
0,1.1141950832672443,0,0,1,0,0,1246.95,1260.8,1240.05,1256,5634696,1258.9,1271.45,1252.35,1261,7261116,January 8th 2020
1,0.7114624505928813,0,1,1,0,0,1265,1275.8,1263.2,1271.8,4741126,1246.95,1260.8,1240.05,1256,5634696,January 9th 2020
1,0.9578693248189385,1,0,0,0,1,1284.1,1286.85,1275.1,1281,4480016,1265,1275.8,1263.2,1271.8,4741126,January 10th 2020
1,0.13253293833320745,0,0,1,0,0,1282.7,1296.5,1276.75,1287,3707621,1284.1,1286.85,1275.1,1281,4480016,January 13th 2020
1,0.15515903801396336,1,0,1,0,0,1289,1292.4,1277.55,1288,3924129,1282.7,1296.5,1276.75,1287,3707621,January 14th 2020
0,0.1242236024844634,0,0,0,1,0,1286.4,1287.95,1274.1,1285.05,5879001,1289,1292.4,1277.55,1288,3924129,January 15th 2020
0,0.23345395120812906,0,1,0,1,0,1282.05,1291,1279.35,1287.5,3555748,1286.4,1287.95,1274.1,1285.05,5879001,January 16th 2020
0,0.44660194174757084,1,0,0,0,1,1281.75,1284.9,1271.9,1277.5,8436045,1282.05,1291,1279.35,1287.5,3555748,January 17th 2020
1,2.0960263631835008,1,0,0,1,0,1304.85,1304.85,1252.5,1257.4,10886766,1281.75,1284.9,1271.9,1277.5,8436045,January 20th 2020
0,0.5885159853666333,1,0,0,1,0,1250,1250,1238.45,1244.9,7463265,1304.85,1304.85,1252.5,1257.4,10886766,January 21st 2020
1,0.2523937342253757,0,0,0,1,0,1248.05,1254.9,1234.55,1241.85,9152837,1250,1250,1238.45,1244.9,7463265,January 22nd 2020
0,0.14897129282923638,0,0,1,0,0,1240,1246.85,1231.7,1245.35,5745582,1248.05,1254.9,1234.55,1241.85,9152837,January 23rd 2020
1,0.05216693418941265,0,0,1,0,0,1246,1253.95,1239.25,1245,5901612,1240,1246.85,1231.7,1245.35,5745582,January 24th 2020
0,0.8032128514056214,1,0,0,0,1,1235,1235,1211.95,1213.25,9385231,1246,1253.95,1239.25,1245,5901612,January 27th 2020
1,0.4553659337052762,0,0,0,1,0,1218.8,1227.75,1213.25,1224,6654995,1235,1235,1211.95,1213.25,9385231,January 28th 2020
1,0.10609646617154578,0,0,1,0,0,1225.3,1242,1222.45,1235.05,6879689,1218.8,1227.75,1213.25,1224,6654995,January 29th 2020
1,0.31478267888132017,1,0,0,1,0,1238.95,1238.95,1217.2,1227.9,6019254,1225.3,1242,1222.45,1235.05,6879689,January 30th 2020
1,0.2882780462056922,0,0,0,0,1,1231.45,1237.8,1220.55,1224.25,5574763,1238.95,1238.95,1217.2,1227.9,6019254,January 31st 2020
0,0.3471513171329432,1,0,1,0,0,1220,1227.7,1191.35,1192.5,4900630,1231.45,1237.8,1220.55,1224.25,5574763,February 1st 2020
1,0.3759398496240629,1,0,1,0,0,1197,1197.85,1177.8,1194,6520654,1220,1227.7,1191.35,1192.5,4900630,February 3rd 2020
1,0.33388981636059967,0,1,1,0,0,1198,1233.8,1198,1229,10422025,1197,1197.85,1177.8,1194,6520654,February 4th 2020
1,0.47777147947203336,0,1,0,0,1,1234.9,1248,1227.3,1246,8993928,1198,1233.8,1198,1229,10422025,February 5th 2020
0,0.10834670947029723,0,0,0,0,1,1244.65,1248.7,1237.2,1239.95,5862605,1234.9,1248,1227.3,1246,8993928,February 6th 2020
1,0.4855537720706238,1,0,0,0,1,1246,1247,1231.6,1240,3378655,1244.65,1248.7,1237.2,1239.95,5862605,February 7th 2020
1,0.23733858964560817,1,0,1,0,0,1242.95,1242.95,1226.05,1240.95,4597615,1246,1247,1231.6,1240,3378655,February 10th 2020
1,0.18901311027104128,0,1,0,1,0,1243.3,1255,1238.25,1239.9,5788928,1242.95,1242.95,1226.05,1240.95,4597615,February 11th 2020
1,0.42563443623513386,0,1,0,0,1,1245.2,1252.8,1244.3,1249,3138876,1243.3,1255,1238.25,1239.9,5788928,February 12th 2020
1,0.8651480276212431,1,0,0,1,0,1259.9,1259.9,1233.7,1239.5,4476725,1245.2,1252.8,1244.3,1249,3138876,February 13th 2020
1,0.29761904761904656,0,0,0,1,0,1243.2,1248.4,1215,1219.45,7328133,1259.9,1259.9,1233.7,1239.5,4476725,February 14th 2020
1,0.45306122448979247,0,0,0,1,0,1225,1233,1214.5,1218,5057373,1243.2,1248.4,1215,1219.45,7328133,February 17th 2020
0,0.09031198686370034,1,0,0,1,0,1216.9,1218.5,1203.5,1217.05,5222221,1225,1233,1214.5,1218,5057373,February 18th 2020
1,0.44580777096114854,0,0,1,0,0,1222.5,1230,1213.9,1227.2,4987421,1216.9,1218.5,1203.5,1217.05,5222221,February 19th 2020
1,0.22764227642275703,1,0,1,0,0,1230,1230,1214.4,1217,5376832,1222.5,1230,1213.9,1227.2,4987421,February 20th 2020
0,0.6614626129827439,1,0,1,0,0,1208.95,1212,1200,1211,8222073,1230,1230,1214.4,1217,5376832,February 24th 2020
0,0.5780346820809301,1,0,0,0,1,1204,1206.3,1198.05,1201.8,6912840,1208.95,1212,1200,1211,8222073,February 25th 2020
0,0.3577966383757625,0,0,1,0,0,1197.5,1204.3,1185.8,1201.1,6858876,1204,1206.3,1198.05,1201.8,6912840,February 26th 2020
0,0.507867787861116,1,0,0,0,1,1195,1202.35,1181,1199.65,10305862,1197.5,1204.3,1185.8,1201.1,6858876,February 27th 2020
0,2.0130871504188796,0,0,0,1,0,1175.5,1184.2,1170.1,1178.8,12095744,1195,1202.35,1181,1199.65,10305862,February 28th 2020
1,1.7830361606399059,1,0,0,0,1,1200.2,1201,1166.9,1185,7267973,1175.5,1184.2,1170.1,1178.8,12095744,March 2nd 2020
0,0.8438818565400852,0,1,0,0,1,1175,1185.35,1168.3,1182.5,10977020,1200.2,1201,1166.9,1185,7267973,March 3rd 2020
0,0.3509513742071979,1,0,0,0,1,1178.35,1179.15,1133.2,1149.15,17064961,1175,1185.35,1168.3,1182.5,10977020,March 4th 2020
1,0.33391153512575267,0,0,1,0,0,1153,1164.9,1144.85,1149.85,9698187,1178.35,1179.15,1133.2,1149.15,17064961,March 5th 2020
0,2.1611514545375354,0,0,1,0,0,1125,1140.5,1101,1133.85,11484726,1153,1164.9,1144.85,1149.85,9698187,March 6th 2020
0,2.1034528376769335,1,0,0,0,1,1110,1117.45,1065.3,1114.8,17155770,1125,1140.5,1101,1133.85,11484726,March 9th 2020
0,0.8790814495873711,0,0,0,1,0,1105,1119.85,1092.65,1110.95,17466615,1110,1117.45,1065.3,1114.8,17155770,March 11th 2020
0,3.2359692155362607,1,0,0,0,1,1075,1078.85,1003.45,1029.65,29353333,1105,1119.85,1092.65,1110.95,17466615,March 12th 2020
1,0.5169082125603741,1,0,1,0,0,1035,1036.65,995,1001.25,15945709,1075,1078.85,1003.45,1029.65,29353333,March 16th 2020
1,0.6696428571428603,1,0,0,1,0,1008,1009.8,955,976.2,21287063,1035,1036.65,995,1001.25,15945709,March 17th 2020
1,0.8934010152284233,0,0,0,1,0,985,992.5,865,898.2,30427035,1008,1009.8,955,976.2,21287063,March 18th 2020
0,5.700289467824538,1,0,1,0,0,847,918.9,795.55,905,33299765,985,992.5,865,898.2,30427035,March 19th 2020
0,3.314917127071826,1,0,1,0,0,875,914.55,825,881.25,44185864,847,918.9,795.55,905,33299765,March 20th 2020
0,9.758865248226956,0,0,1,1,0,795.25,810,738.9,774,30400602,875,914.55,825,881.25,44185864,March 24th 2020
0,0.45865633074935186,0,0,1,0,0,770.45,867.4,755.25,863.2,23388692,795.25,810,738.9,774,30400602,March 25th 2020
1,0.793012297437079,0,0,1,0,0,870.1,936.1,842.45,900.65,28442014,770.45,867.4,755.25,863.2,23388692,March 26th 2020
1,4.6880787343245744,0,1,0,1,0,944.95,988.15,872.2,900,27504114,870.1,936.1,842.45,900.65,28442014,March 27th 2020
0,2.2222222222222254,0,0,0,1,0,880,886.95,828,831,19592346,944.95,988.15,872.2,900,27504114,March 30th 2020
1,2.6704146170063225,0,0,0,1,0,853.8,873.6,838.1,857.95,17560483,880,886.95,828,831,19592346,March 31st 2020
1,0.6829889448399573,1,0,1,0,0,863.85,863.85,820,829.65,14516342,853.8,873.6,838.1,857.95,17560483,April 1st 2020
1,1.5836298932384363,1,0,0,1,0,843,843,810,811,17361468,863.85,863.85,820,829.65,14516342,April 3rd 2020
1,7.208237986270028,1,0,0,1,0,874,906.8,845.95,895.6,30006195,843,843,810,811,17361468,April 7th 2020
0,1.7474318892362617,0,0,0,1,0,879.95,944.5,866.6,888.7,28025195,874,906.8,845.95,895.6,30006195,April 8th 2020
1,2.661555312157715,0,0,1,0,0,913,930.85,890.05,924,22178655,879.95,944.5,866.6,888.7,28025195,April 9th 2020
1,1.0706638115631661,1,0,1,0,0,934,945.55,886.65,897.8,16993813,913,930.85,890.05,924,22178655,April 13th 2020
1,3.514239656098872,1,0,0,0,1,930.5,930.5,843,865,28862240,934,945.55,886.65,897.8,16993813,April 15th 2020
1,0,0,0,0,0,1,865,887.65,856.25,884.25,26813393,930.5,930.5,843,865,28862240,April 16th 2020
1,3.3606557377049207,0,0,0,1,0,915,919.95,887.3,915.1,27794714,865,887.65,856.25,884.25,26813393,April 17th 2020
1,3.7749737118822235,0,0,0,0,1,951,960,936.65,944,32829396,915,919.95,887.3,915.1,27794714,April 20th 2020
0,2.01271186440678,0,0,0,0,1,925,934,908,919,16517026,951,960,936.65,944,32829396,April 21st 2020
1,0.016319425556221567,1,0,0,0,1,919.15,932.9,907.45,929.75,19102862,925,934,908,919,16517026,April 22nd 2020
1,0.5614973262032086,1,0,1,0,0,935,958.4,913.25,953,20412583,919.15,932.9,907.45,929.75,19102862,April 23rd 2020
0,2.098635886673661,0,0,0,0,1,933,958,926.05,937,16598659,935,958.4,913.25,953,20412583,April 24th 2020
1,0.8622969898957833,0,1,0,0,1,945.15,957.2,926.5,929.95,13623451,933,958,926.05,937,16598659,April 27th 2020
1,1.4674719220173715,1,0,1,0,0,943.8,943.8,922.05,933.5,14675634,945.15,957.2,926.5,929.95,13623451,April 28th 2020
1,0.16042780748662944,0,1,0,1,0,935,992.65,934.55,970.05,27848822,943.8,943.8,922.05,933.5,14675634,April 29th 2020
1,3.1306171360095836,0,0,1,0,0,1001.4,1019,992.2,999.95,21801011,935,992.65,934.55,970.05,27848822,April 30th 2020
0,4.245212260613041,1,0,0,1,0,957.5,960,917.6,924.9,13267097,1001.4,1019,992.2,999.95,21801011,May 4th 2020
1,1.3965884861407263,0,0,0,1,0,938,944,908.15,914,14725749,957.5,960,917.6,924.9,13267097,May 5th 2020
1,0.5440696409140355,1,0,1,0,0,919,950,905.65,946.55,16851299,938,944,908.15,914,14725749,May 6th 2020
0,0.639163277164434,1,0,1,0,0,940.5,943.05,922.55,927.3,10885503,919,950,905.65,946.55,16851299,May 7th 2020
1,1.5605095541401326,0,0,0,1,0,942,943.45,925.35,930.4,10366334,940.5,943.05,922.55,927.3,10885503,May 8th 2020
1,0.7043756670224166,0,1,0,1,0,937,954,914,915.9,14257855,942,943.45,925.35,930.4,10366334,May 11th 2020
0,1.6268151544928444,1,0,0,1,0,901,909.15,871.15,902.5,24697528,937,954,914,915.9,14257855,May 12th 2020
1,5.099894847528919,1,0,1,0,0,951,957.5,922.1,929,21927845,901,909.15,871.15,902.5,24697528,May 13th 2020
0,3.336921420882666,0,1,0,1,0,898,910.05,890.15,893.75,19641455,951,957.5,922.1,929,21927845,May 14th 2020
0,0.363636363636366,1,0,0,0,1,890.5,892.35,875,888,12031633,898,910.05,890.15,893.75,19641455,May 15th 2020
1,0,1,0,0,1,0,888,888,831.3,838,23268918,890.5,892.35,875,888,12031633,May 18th 2020
1,2.6543532555032834,1,0,0,0,1,860.85,867.2,826.1,832.85,23524974,888,888,831.3,838,23268918,May 19th 2020
1,0.43039034012792854,0,1,0,0,1,836.45,864,832.5,864,19963853,860.85,867.2,826.1,832.85,23524974,May 20th 2020
0,0.2951388888888795,0,1,0,0,1,861.45,884,852.5,860.4,24192400,836.45,864,832.5,864,19963853,May 21st 2020
0,1.2087401208740078,0,0,1,0,0,850,870.2,833.25,842.65,20969774,861.45,884,852.5,860.4,24192400,May 22nd 2020
1,1.6744457409568314,0,1,0,0,1,857,871,848.9,858,18936673,850,870.2,833.25,842.65,20969774,May 26th 2020
1,0.22095592510756878,0,0,1,0,0,859.9,908,857.35,901.5,27938635,857,871,848.9,858,18936673,May 27th 2020
1,2.010869565217388,0,1,1,0,0,920,950,914.3,947.2,37326698,859.9,908,857.35,901.5,27938635,May 28th 2020
0,0.33783783783783994,1,0,1,0,0,944,955,923.5,947.1,26321695,920,950,914.3,947.2,37326698,May 29th 2020
1,2.86153846153846,0,1,0,0,1,975,995,970.05,984.05,19458011,944,955,923.5,947.1,26321695,June 1st 2020
1,0.26857200770245004,0,0,0,1,0,986.7,1005,975.35,1005,20686900,975,995,970.05,984.05,19458011,June 2nd 2020
1,1.4705882352941124,0,1,0,1,0,1020,1044.45,1016.35,1022.7,25163359,986.7,1005,975.35,1005,20686900,June 3rd 2020
1,0.5204027041486259,0,0,1,0,0,1028.05,1038.85,992,995,26968396,1020,1044.45,1016.35,1022.7,25163359,June 4th 2020
1,0.8074967600438687,0,1,0,0,1,1003.1,1042.05,1003.1,1039.05,17527401,1028.05,1038.85,992,995,26968396,June 5th 2020
1,1.976415094339623,0,0,0,1,0,1060,1065.65,1006.4,1016.1,24810276,1003.1,1042.05,1003.1,1039.05,17527401,June 8th 2020
1,0.382352941176467,1,0,1,0,0,1020,1025.15,979.6,984.65,30846915,1060,1065.65,1006.4,1016.1,24810276,June 9th 2020
1,0.5404040404040411,0,0,0,0,1,990,999.75,978.2,992.95,18168323,1020,1025.15,979.6,984.65,30846915,June 10th 2020
0,0.8006445440354559,0,0,0,1,0,985,988,965.05,969.3,15371612,990,999.75,978.2,992.95,18168323,June 11th 2020
0,4.2608067677705534,0,1,1,0,0,928,986.45,928,977.9,21226000,985,988,965.05,969.3,15371612,June 12th 2020
0,1.0123734533183382,0,0,0,1,0,968,973.7,943,951.75,15971320,928,986.45,928,977.9,21226000,June 15th 2020
1,2.384615384615385,0,1,1,0,0,975,993.8,952,989.15,22624927,968,973.7,943,951.75,15971320,June 16th 2020
0,0.015164535206990681,1,0,1,0,0,989,998.8,974.2,978.65,18395565,975,993.8,952,989.15,22624927,June 17th 2020
1,0.1377551020408152,1,0,1,0,0,980,1024.65,972,1019,20386664,989,998.8,974.2,978.65,18395565,June 18th 2020
0,0.10304219823356053,0,0,1,0,0,1017.95,1042.95,1012.95,1032.95,23841179,980,1024.65,972,1019,20386664,June 19th 2020
1,0.6253307037375588,0,0,0,0,1,1039.45,1045.7,1023.95,1029.9,14795807,1017.95,1042.95,1012.95,1032.95,23841179,June 22nd 2020
1,0.8758421559191487,1,0,1,0,0,1039,1045,1016.55,1044,14338212,1039.45,1045.7,1023.95,1029.9,14795807,June 23rd 2020
1,0.42918454935622075,0,0,0,0,1,1048.5,1057.5,1030.05,1031.95,19666431,1039,1045,1016.55,1044,14338212,June 24th 2020
0,0.9738843936237251,1,0,0,0,1,1021.9,1049,1007.05,1035.45,35280506,1048.5,1057.5,1030.05,1031.95,19666431,June 25th 2020
1,0.5331412103746325,1,0,0,1,0,1041,1062.85,1028,1058.5,19950446,1021.9,1049,1007.05,1035.45,35280506,June 26th 2020
0,2.031176192725559,0,1,1,0,0,1037,1082.3,1037,1075.5,22895805,1041,1062.85,1028,1058.5,19950446,June 29th 2020
0,0.1394700139469962,0,0,0,1,0,1074,1078.5,1056.35,1066.45,17768403,1037,1082.3,1037,1075.5,22895805,June 30th 2020
0,0.05626142810259971,0,0,0,0,1,1065.85,1096,1061.3,1079.5,17384026,1074,1078.5,1056.35,1066.45,17768403,July 1st 2020
1,0.9905530587911549,0,1,0,1,0,1090.3,1111.15,1085.45,1091.5,18433826,1065.85,1096,1061.3,1079.5,17384026,July 2nd 2020
1,0.13723696248856276,1,0,1,0,0,1093,1095.4,1070,1076,13746413,1090.3,1111.15,1085.45,1091.5,18433826,July 3rd 2020
1,2.883704138273391,0,0,0,0,1,1107.95,1118.3,1100,1105,17607712,1093,1095.4,1070,1076,13746413,July 6th 2020
1,0.3966107806021357,1,0,1,0,0,1109.4,1111.55,1093.05,1104,12100745,1107.95,1118.3,1100,1105,17607712,July 7th 2020
1,0.27100271002710175,0,1,0,0,1,1107,1124.9,1105,1110,14989192,1109.4,1111.55,1093.05,1104,12100745,July 8th 2020
1,0.7155635062611854,0,0,1,0,0,1118,1129.6,1107.55,1127,10009084,1107,1124.9,1105,1110,14989192,July 9th 2020
0,0.8074534161490621,0,0,0,1,0,1117.9,1119.1,1099.7,1106,8720716,1118,1129.6,1107.55,1127,10009084,July 10th 2020
1,0.35138300747815654,1,0,0,1,0,1109.9,1112.7,1071.3,1083,14919128,1117.9,1119.1,1099.7,1106,8720716,July 13th 2020
0,1.8836565096952973,0,0,0,1,0,1062.6,1068.9,1050,1061.45,13225605,1109.9,1112.7,1071.3,1083,14919128,July 14th 2020
1,0.817604186133436,0,0,1,0,0,1070.2,1079,1050.7,1054.75,10425465,1062.6,1068.9,1050,1061.45,13225605,July 15th 2020
0,0.10429011614125905,1,0,0,1,0,1053.65,1065.35,1034.15,1059.15,11794150,1070.2,1079,1050.7,1054.75,10425465,July 16th 2020
0,0.009441533305021288,0,1,0,0,1,1059.05,1104,1059.05,1104,14151666,1053.65,1065.35,1034.15,1059.15,11794150,July 17th 2020
1,2.7312775330396444,0,0,0,0,1,1135,1152.8,1124.8,1130.95,32194005,1059.05,1104,1059.05,1104,14151666,July 20th 2020
1,1.8315177292652196,0,0,0,1,0,1152.05,1157.45,1134.4,1140,23632683,1135,1152.8,1124.8,1130.95,32194005,July 21st 2020
0,0.1315789473684159,1,0,0,1,0,1138.5,1140.65,1118.1,1128,12313771,1152.05,1157.45,1134.4,1140,23632683,July 22nd 2020
0,0.26595744680850686,1,0,1,0,0,1125,1143.5,1117.05,1129.8,10049309,1138.5,1140.65,1118.1,1128,12313771,July 23rd 2020
0,0.6107275624004149,1,0,1,0,0,1122.9,1122.9,1101.25,1120,9762784,1125,1143.5,1117.05,1129.8,10049309,July 24th 2020
0,1.7991071428571481,1,0,0,0,1,1099.85,1101.45,1075.6,1079.9,18855365,1122.9,1122.9,1101.25,1120,9762784,July 27th 2020
0,0.08334105009724091,0,1,0,1,0,1079,1094.4,1059.5,1084.7,17756643,1099.85,1101.45,1075.6,1079.9,18855365,July 28th 2020
0,0.34110814049967964,0,0,0,1,0,1081,1088,1055.55,1066,16732886,1079,1094.4,1059.5,1084.7,17756643,July 29th 2020
1,0.7448789571694592,0,0,0,1,0,1074,1083.45,1046.85,1051.6,13379204,1081,1088,1055.55,1066,16732886,July 30th 2020
1,0.5767230783776278,1,0,0,1,0,1057.7,1057.7,1020.5,1034,18823138,1074,1083.45,1046.85,1051.6,13379204,July 31st 2020
0,0.7785299806576385,1,0,1,0,0,1025.95,1025.95,993.45,1006,15857334,1057.7,1057.7,1020.5,1034,18823138,August 3rd 2020
1,0.1984126984126977,0,0,1,0,0,1008,1058.6,1003.1,1040.2,30116399,1025.95,1025.95,993.45,1006,15857334,August 4th 2020
1,0.7395391001479124,0,0,0,0,1,1047.95,1055.8,1020,1030.95,16548096,1008,1058.6,1003.1,1040.2,30116399,August 5th 2020
1,0.5834136933461909,0,0,0,0,1,1037,1054.7,1027.85,1041.45,16759055,1047.95,1055.8,1020,1030.95,16548096,August 6th 2020
0,0.6337318162177863,0,0,0,1,0,1034.85,1047,1023.5,1044,12395589,1037,1054.7,1027.85,1041.45,16759055,August 7th 2020
1,0,0,1,1,0,0,1044,1064,1043.8,1052,11051621,1034.85,1047,1023.5,1044,12395589,August 10th 2020
0,0.332699619771859,0,1,1,0,0,1048.5,1071,1048.5,1071,9990948,1044,1064,1043.8,1052,11051621,August 11th 2020
0,0.5602240896358524,1,0,0,0,1,1065,1065.9,1048.3,1063,10254471,1048.5,1071,1048.5,1071,9990948,August 12th 2020
1,0.4635048457324875,1,0,1,0,0,1067.95,1071.25,1056.7,1060.95,9925800,1065,1065.9,1048.3,1063,10254471,August 13th 2020
1,0.4643962848297267,1,0,0,1,0,1065.9,1065.9,1027.35,1035,10427495,1067.95,1071.25,1056.7,1060.95,9925800,August 14th 2020
1,1.1461318051575908,1,0,0,1,0,1047,1047,1020.2,1034,9745628,1065.9,1065.9,1027.35,1035,10427495,August 17th 2020
0,0.5802707930367523,0,1,1,0,0,1028,1061.5,1022,1056.1,11983358,1047,1047,1020.2,1034,9745628,August 18th 2020
1,0.8356807511737174,1,0,0,1,0,1065,1069.8,1056.4,1065.1,8824875,1028,1061.5,1022,1056.1,11983358,August 19th 2020
0,0.9529621631771512,0,0,0,0,1,1054.95,1067.05,1052.1,1057.35,9553231,1065,1069.8,1056.4,1065.1,8824875,August 20th 2020
1,0.7555847568988305,0,1,1,0,0,1065.4,1088,1064.65,1085.7,14427802,1054.95,1067.05,1052.1,1057.35,9553231,August 21st 2020
1,0.027624309392260127,0,1,0,0,1,1086,1122.95,1086,1114.8,18325365,1065.4,1088,1064.65,1085.7,14427802,August 24th 2020
1,0.37533512064343855,0,1,0,1,0,1119,1127,1106.55,1120.75,13758151,1086,1122.95,1086,1114.8,18325365,August 25th 2020
1,0.0223015165031204,0,0,0,0,1,1121,1131.65,1109.55,1119.85,12572837,1119,1127,1106.55,1120.75,13758151,August 26th 2020
1,0.528513057381419,0,0,0,1,0,1125.8,1129.9,1106.45,1113.85,10285453,1121,1131.65,1109.55,1119.85,12572837,August 27th 2020
0,0.17057952147954136,1,0,0,1,0,1111.95,1125,1095,1117.6,19292134,1125.8,1129.9,1106.45,1113.85,10285453,August 28th 2020
1,1.0535635236830543,0,1,0,1,0,1129.5,1148.45,1100.7,1112,19192398,1111.95,1125,1095,1117.6,19292134,August 31st 2020
1,1.4184397163120588,0,0,0,0,1,1128,1143.55,1108.85,1123.95,14370914,1129.5,1148.45,1100.7,1112,19192398,September 1st 2020
1,0.013344008540150387,0,0,0,1,0,1124.1,1138.95,1120.9,1133.7,9851918,1128,1143.55,1108.85,1123.95,14370914,September 2nd 2020
1,0.31215651791601795,0,1,0,0,1,1137.25,1145.85,1128,1131,9900200,1124.1,1138.95,1120.9,1133.7,9851918,September 3rd 2020
0,1.8567639257294433,0,0,0,1,0,1110,1125.35,1104.45,1119,11737547,1137.25,1145.85,1128,1131,9900200,September 4th 2020
0,0.2412868632707843,0,0,0,1,0,1116.3,1119.5,1099.35,1112,8782473,1110,1125.35,1104.45,1119,11737547,September 7th 2020
1,0.17953321364452268,1,0,1,0,0,1114,1118.55,1103.75,1110,7288289,1116.3,1119.5,1099.35,1112,8782473,September 8th 2020
0,0.8108108108108136,0,0,0,1,0,1101,1109.85,1091.45,1095.5,7808958,1114,1118.55,1103.75,1110,7288289,September 9th 2020
1,0.6799637352674526,1,0,0,0,1,1103,1104.45,1084,1091.6,7566223,1101,1109.85,1091.45,1095.5,7808958,September 10th 2020
1,0.44233663185736516,0,0,0,1,0,1096.45,1104.8,1071,1080.05,10345044,1103,1104.45,1084,1091.6,7566223,September 11th 2020
1,0.7306985294117663,0,0,0,1,0,1088,1093.65,1052.7,1057.05,10787620,1096.45,1104.8,1071,1080.05,10345044,September 14th 2020
1,1.0252808988764128,0,0,0,1,0,1068,1076,1058.1,1073.7,8185419,1088,1093.65,1052.7,1057.05,10787620,September 15th 2020
0,0.325975598398065,0,1,0,0,1,1070.2,1096,1069.3,1092.5,9320565,1068,1076,1058.1,1073.7,8185419,September 16th 2020
0,0.7780320366132742,1,0,1,0,0,1084,1094,1078,1085.45,9120987,1070.2,1096,1069.3,1092.5,9320565,September 17th 2020
1,0.5998168498168477,1,0,0,1,0,1092,1092.05,1047.9,1058.95,11710544,1084,1094,1078,1085.45,9120987,September 18th 2020
0,0.3730110014637189,0,0,1,0,0,1055,1071.25,1041.5,1042.25,9878757,1092,1092.05,1047.9,1058.95,11710544,September 21st 2020
1,1.119491485223656,1,0,1,0,0,1054.05,1058,1029.6,1038,9276914,1055,1071.25,1041.5,1042.25,9878757,September 22nd 2020
1,0.7648183556405397,0,0,1,0,0,1046,1055,1034.35,1048.95,8016036,1054.05,1058,1029.6,1038,9276914,September 23rd 2020
0,1.043901043901052,0,1,0,0,1,1038,1046.35,1025,1030.5,9877344,1046,1055,1034.35,1048.95,8016036,September 24th 2020
1,1.8571428571428572,1,0,0,1,0,1050,1051.6,1025.9,1042.55,10024000,1038,1046.35,1025,1030.5,9877344,September 25th 2020
1,0.6101339434672837,0,0,0,1,0,1048.95,1059,1043.05,1056.3,8063747,1050,1051.6,1025.9,1042.55,10024000,September 28th 2020
1,0.16068052930057197,0,0,0,1,0,1058,1069.9,1051,1064.4,6304241,1048.95,1059,1043.05,1056.3,8063747,September 29th 2020
0,0.4133784291619813,1,0,1,0,0,1060,1086.9,1052.35,1078,9388552,1058,1069.9,1051,1064.4,6304241,September 30th 2020
1,1.1099899091826404,0,1,1,0,0,1090.1,1110,1090.1,1108,10569697,1060,1086.9,1052.35,1078,9388552,October 1st 2020
1,0.3597122302158251,0,1,1,0,0,1112,1131.8,1111,1112.5,8429779,1090.1,1110,1090.1,1108,10569697,October 5th 2020
1,1.986696621294215,1,0,1,0,0,1135.05,1148,1126.2,1143.15,9592543,1112,1131.8,1111,1112.5,8429779,October 6th 2020
1,0.15285177744781553,0,0,1,0,0,1144.9,1164.7,1137.6,1160.5,10589301,1135.05,1148,1126.2,1143.15,9592543,October 7th 2020
1,1.6525423728813604,1,0,1,0,0,1180,1203,1163.35,1189.9,17379293,1144.9,1164.7,1137.6,1160.5,10589301,October 8th 2020
1,0.9242298084929157,0,0,1,0,0,1201,1237,1191.65,1234.75,22320913,1180,1203,1163.35,1189.9,17379293,October 9th 2020
0,0.25916177363839443,0,0,0,0,1,1231.55,1242.5,1205.85,1214.5,9569108,1201,1237,1191.65,1234.75,22320913,October 12th 2020
0,0.09057225195553409,0,0,1,0,0,1213.4,1221.4,1195,1196.5,9146784,1231.55,1242.5,1205.85,1214.5,9569108,October 13th 2020
0,0.07939824488090164,1,0,0,0,1,1195.55,1214.3,1175.85,1213.55,11257068,1213.4,1221.4,1195,1196.5,9146784,October 14th 2020
1,0.053533190578169965,0,0,0,0,1,1214.2,1217,1164.2,1168.6,14093712,1195.55,1214.3,1175.85,1213.55,11257068,October 15th 2020
1,0.9661016949152668,0,0,1,0,0,1180,1203.5,1173,1201,12864497,1214.2,1217,1164.2,1168.6,14093712,October 16th 2020
1,2.7530364372469585,1,0,0,1,0,1235,1235,1192.9,1203,20813433,1180,1203.5,1173,1201,12864497,October 19th 2020
1,0.3726708074534124,0,1,0,0,1,1207.5,1227.2,1206.85,1224.6,13582657,1235,1235,1192.9,1203,20813433,October 20th 2020
1,0.4875670404680621,0,1,0,0,1,1230.6,1250.85,1222.05,1245,17790076,1207.5,1227.2,1206.85,1224.6,13582657,October 21st 2020
0,0.40562248995983374,0,0,0,1,0,1239.95,1250,1223.05,1232,10927800,1230.6,1250.85,1222.05,1245,17790076,October 22nd 2020
1,0.9248090068355475,0,0,0,0,1,1243.5,1248.15,1231.25,1236.55,7868720,1239.95,1250,1223.05,1232,10927800,October 23rd 2020
0,0.5458735999353093,0,0,1,0,0,1229.8,1242,1205,1216.55,9750665,1243.5,1248.15,1231.25,1236.55,7868720,October 26th 2020
1,0.7707993474714514,1,0,0,1,0,1226,1236,1198.25,1235,12030864,1229.8,1242,1205,1216.55,9750665,October 27th 2020
0,0.5668016194331993,0,0,0,1,0,1228,1231.95,1201.5,1210,8255265,1226,1236,1198.25,1235,12030864,October 28th 2020
0,0.7768595041322435,1,0,0,0,1,1200.6,1204.4,1178.6,1190.5,11486215,1228,1231.95,1201.5,1210,8255265,October 29th 2020
0,0.667786644267121,0,1,0,0,1,1182.55,1199.3,1176.4,1182.4,5720183,1200.6,1204.4,1178.6,1190.5,11486215,October 30th 2020
1,5.559105431309897,0,0,0,1,0,1252,1264.15,1235,1254,11637968,1182.55,1199.3,1176.4,1182.4,5720183,November 4th 2020
1,0.9478672985781977,0,0,0,1,0,1266,1276,1257.25,1272.4,10614542,1252,1264.15,1235,1254,11637968,November 5th 2020
0,0.4833385727758599,0,1,1,0,0,1266.25,1310,1265.5,1307.55,17781589,1266,1276,1257.25,1272.4,10614542,November 6th 2020
1,0.5816605839416122,0,1,0,0,1,1315.2,1345.95,1315.2,1343,13069710,1266.25,1310,1265.5,1307.55,17781589,November 9th 2020
1,1.0316875460574804,0,1,0,0,1,1357,1395,1352,1393.2,20653746,1315.2,1345.95,1315.2,1343,13069710,November 10th 2020
1,0.47860561468676677,0,1,0,1,0,1399.9,1414.6,1370.6,1390.15,17988293,1357,1395,1352,1393.2,20653746,November 11th 2020
0,0.9171672121713437,0,0,0,0,1,1377.4,1388.5,1361.05,1372.85,13472614,1399.9,1414.6,1370.6,1390.15,17988293,November 12th 2020
0,0.2950067378082011,1,0,1,0,0,1368.8,1368.8,1347,1358,11138261,1377.4,1388.5,1361.05,1372.85,13472614,November 13th 2020
1,2.0060614807331456,0,1,0,1,0,1385.8,1412.5,1381.05,1408.8,15420414,1368.8,1368.8,1347,1358,11138261,November 17th 2020
0,0.41169789892105957,0,1,0,0,1,1403,1419,1399.65,1409,9377684,1385.8,1412.5,1381.05,1408.8,15420414,November 18th 2020
0,1.3697657913413708,0,0,0,1,0,1389.7,1398.45,1368,1370.8,10088132,1403,1419,1399.65,1409,9377684,November 19th 2020
1,0.1347757986376763,0,1,0,0,1,1372.65,1408.4,1365.05,1405,10131173,1389.7,1398.45,1368,1370.8,10088132,November 20th 2020
1,0.7067137809187329,0,0,0,1,0,1415,1422.65,1375.65,1397.3,12579287,1372.65,1408.4,1365.05,1405,10131173,November 23rd 2020
1,0.7599431818181901,0,1,1,0,0,1408,1445,1407.45,1444,20013510,1415,1422.65,1375.65,1397.3,12579287,November 24th 2020
1,0.5029973127540832,0,1,0,1,0,1451.3,1463.7,1397,1406.5,11997948,1408,1445,1407.45,1444,20013510,November 25th 2020
1,0.6007067137809186,0,0,0,0,1,1415,1432,1387,1431.9,13936580,1451.3,1463.7,1397,1406.5,11997948,November 26th 2020
0,0.006983727913967286,1,0,0,1,0,1431.8,1446,1415.85,1436.65,8977958,1415,1432,1387,1431.9,13936580,November 27th 2020
1,0.29149460387963844,0,0,0,0,1,1440.85,1449,1427,1428.05,8512234,1431.8,1446,1415.85,1436.65,8977958,December 1st 2020
1,0.20614954577219402,1,0,0,1,0,1431,1431.55,1394.95,1405.35,8924715,1440.85,1449,1427,1428.05,8512234,December 2nd 2020
1,1.6550034989503248,0,0,0,1,0,1429,1432,1374.2,1380.65,18889909,1431,1431.55,1394.95,1405.35,8924715,December 3rd 2020
1,0.025343953656764562,0,1,0,0,1,1381,1401.2,1373.35,1390.15,13396519,1429,1432,1374.2,1380.65,18889909,December 4th 2020
0,1.0898104521094965,1,0,0,1,0,1375,1378.9,1358.25,1374.15,12119509,1381,1401.2,1373.35,1390.15,13396519,December 7th 2020
1,0.061818181818174,0,0,0,0,1,1375,1388.75,1365.15,1374.9,9702071,1375,1378.9,1358.25,1374.15,12119509,December 8th 2020
1,0.15250544662308574,0,0,1,0,0,1377,1410.05,1376.3,1408.5,11012402,1375,1388.75,1365.15,1374.9,9702071,December 9th 2020
0,0.7454739084132078,1,0,0,1,0,1398,1401.95,1375.75,1387,9838611,1377,1410.05,1376.3,1408.5,11012402,December 10th 2020
1,0.21941656774935314,0,0,0,1,0,1390.05,1394.45,1373.1,1382.05,10641162,1398,1401.95,1375.75,1387,9838611,December 11th 2020
1,0.06869125090384065,0,0,1,0,0,1383,1387.85,1368,1369.4,8564752,1390.05,1394.45,1373.1,1382.05,10641162,December 14th 2020
1,0.8256083429895589,0,0,0,1,0,1380.8,1394.9,1366.1,1392.5,10642240,1383,1387.85,1368,1369.4,8564752,December 15th 2020
1,0.8190883190883236,0,0,0,1,0,1404,1416.8,1394.9,1408,8298309,1380.8,1394.9,1366.1,1392.5,10642240,December 16th 2020
1,0.7472155646411904,0,0,1,0,0,1418.6,1444.5,1405.95,1440,10836013,1404,1416.8,1394.9,1408,8298309,December 17th 2020
0,0.347222222222221,1,0,0,0,1,1435,1437.3,1406.45,1408.5,11351841,1418.6,1444.5,1405.95,1440,10836013,December 18th 2020
1,0.6349206349206327,1,0,1,0,0,1417.5,1423.8,1366.7,1369.05,11766876,1435,1437.3,1406.45,1408.5,11351841,December 21st 2020
1,1.1373483535528583,1,0,0,1,0,1384.8,1384.8,1345,1373,11362201,1417.5,1423.8,1366.7,1369.05,11766876,December 22nd 2020
0,0.4005826656955591,0,0,0,1,0,1367.5,1380.75,1361.05,1378,7651997,1384.8,1384.8,1345,1373,11362201,December 23rd 2020
1,0.8204980567151354,0,0,0,0,1,1389.4,1403.45,1377,1395.9,7404718,1367.5,1380.75,1361.05,1378,7651997,December 24th 2020
1,0.6476868327402019,0,1,1,0,0,1405,1421,1404.55,1415,5835804,1389.4,1403.45,1377,1395.9,7404718,December 28th 2020
1,0.4257415291509803,0,1,0,1,0,1421.05,1434.75,1420.1,1427.95,7225543,1405,1421,1404.55,1415,5835804,December 29th 2020
1,0.8299187443572498,1,0,0,1,0,1439.9,1439.9,1413,1432.05,8056983,1421.05,1434.75,1420.1,1427.95,7225543,December 30th 2020
1,0.5520833333333419,0,0,0,1,0,1440,1443,1421.2,1423.45,4393907,1439.9,1439.9,1413,1432.05,8056983,January 1st 2021
1,1.0118219749652213,1,0,0,1,0,1438,1438,1399,1422.25,7842111,1440,1443,1421.2,1423.45,4393907,January 4th 2021
0,0.21444893654420927,1,0,0,0,1,1419.2,1430.55,1409,1425.85,7123910,1438,1438,1399,1422.25,7842111,January 5th 2021
1,0.637630662020916,1,0,0,1,0,1435,1439.45,1413.35,1419.8,10923827,1419.2,1430.55,1409,1425.85,7123910,January 6th 2021
1,0.8865619546247872,1,0,0,0,1,1432.5,1432.5,1412.9,1416.9,9906514,1435,1439.45,1413.35,1419.8,10923827,January 7th 2021
1,1.0544692737430084,1,0,1,0,0,1432,1442,1423.3,1434,6808220,1432.5,1432.5,1412.9,1416.9,9906514,January 8th 2021
1,1.1034482758620734,0,1,0,1,0,1450,1464.9,1436.5,1452.6,8572776,1432,1442,1423.3,1434,6808220,January 11th 2021
0,0.010326311441544167,0,0,1,0,0,1452.45,1487.7,1450,1481.5,10149419,1450,1464.9,1436.5,1452.6,8572776,January 12th 2021
1,0.7636144416906743,1,0,0,1,0,1492.9,1495.45,1462.8,1473.65,8337196,1452.45,1487.7,1450,1481.5,10149419,January 13th 2021
0,0.16964679537203597,0,0,0,1,0,1471.15,1488,1456,1474,6107351,1492.9,1495.45,1462.8,1473.65,8337196,January 14th 2021
0,0.33242876526459186,1,0,0,1,0,1469.1,1471.3,1445.05,1467,6996962,1471.15,1488,1456,1474,6107351,January 15th 2021
1,0.1972923328117604,0,1,0,1,0,1469.9,1502.8,1467,1480,21127282,1469.1,1471.3,1445.05,1467,6996962,January 18th 2021
1,0.7909907494302204,1,0,1,0,0,1491.8,1511.6,1467,1501.85,8656741,1469.9,1502.8,1467,1480,21127282,January 19th 2021
0,0.05659686386788598,1,0,0,1,0,1501,1501,1486,1490,6603623,1491.8,1511.6,1467,1501.85,8656741,January 20th 2021
1,0.13404825737265424,1,0,0,1,0,1492,1493.5,1468.45,1476,13133659,1501,1501,1486,1490,6603623,January 21st 2021
0,0.5487804878048674,1,0,0,0,1,1467.9,1467.9,1440.15,1444.35,7648093,1492,1493.5,1468.45,1476,13133659,January 22nd 2021
1,1.4162855777762662,0,0,1,0,0,1465.1,1480.7,1455.2,1467,10047426,1467.9,1467.9,1440.15,1444.35,7648093,January 25th 2021
1,0.06811989100817817,0,0,0,1,0,1468,1471.9,1406.15,1411,11401465,1465.1,1480.7,1455.2,1467,10047426,January 27th 2021
0,1.4953933380581041,1,0,0,1,0,1389.9,1400,1342.05,1371.5,21204250,1468,1471.9,1406.15,1411,11401465,January 28th 2021
1,1.4266719373270509,0,0,0,1,0,1391.35,1408.75,1364.55,1390.1,14273283,1389.9,1400,1342.05,1371.5,21204250,January 29th 2021
1,1.428824676475804,1,0,1,0,0,1410.25,1482.5,1401,1480.5,13071054,1391.35,1408.75,1364.55,1390.1,14273283,February 1st 2021
1,1.365756162558296,0,1,1,0,0,1501,1578.45,1499,1560.25,21122996,1410.25,1482.5,1401,1480.5,13071054,February 2nd 2021
1,1.1874604179860637,1,0,1,0,0,1579,1581.7,1542.5,1571,9990264,1501,1578.45,1499,1560.25,21122996,February 3rd 2021
0,0.3182686187141903,1,0,1,0,0,1566,1587.65,1543.45,1574,12132601,1579,1581.7,1542.5,1571,9990264,February 4th 2021
0,1.6518424396442133,0,1,0,0,1,1548,1618,1548,1597.2,13446215,1566,1587.65,1543.45,1574,12132601,February 5th 2021
1,1.4074074074074017,0,0,1,0,0,1620,1631.65,1595.75,1609,8646361,1548,1618,1548,1597.2,13446215,February 8th 2021
1,0.06211180124223725,1,0,1,0,0,1610,1628,1587.15,1609.95,9190289,1620,1631.65,1595.75,1609,8646361,February 9th 2021
0,0.09938196838411573,0,0,0,1,0,1608.35,1614.75,1567.15,1592.5,9869378,1610,1628,1587.15,1609.95,9190289,February 10th 2021
0,0.659340659340657,0,1,0,1,0,1582,1594.3,1564.85,1576,6787770,1608.35,1614.75,1567.15,1592.5,9869378,February 11th 2021
0,0.13324873096446366,0,1,0,0,1,1573.9,1592.5,1573,1589.55,4934165,1582,1594.3,1564.85,1576,6787770,February 12th 2021
1,0.6593337916380171,0,1,0,0,1,1600.1,1625,1596.7,1624.95,5140991,1573.9,1592.5,1573,1589.55,4934165,February 15th 2021
0,0.23077633157942978,0,1,0,0,1,1621.2,1641,1608.45,1625.05,6930222,1600.1,1625,1596.7,1624.95,5140991,February 16th 2021
0,0.3107596689332581,0,0,0,0,1,1620,1621.8,1583.15,1586.2,6367606,1621.2,1641,1608.45,1625.05,6930222,February 17th 2021
1,1.229801675021014,1,0,1,0,0,1605.95,1605.95,1548,1559,7178634,1620,1621.8,1583.15,1586.2,6367606,February 18th 2021
0,0.8980115458627314,0,0,0,0,1,1545,1564.2,1533,1543.9,8537101,1605.95,1605.95,1548,1559,7178634,February 19th 2021
1,0.07443124817966273,0,1,0,1,0,1545.05,1573.65,1539.5,1542,14672904,1545,1564.2,1533,1543.9,8537101,February 22nd 2021
1,0.7562349155269543,1,0,1,0,0,1553.75,1557.7,1522.75,1530,9063596,1545.05,1573.65,1539.5,1542,14672904,February 23rd 2021
1,4.954185432520575,0,1,0,1,0,1609.75,1636,1602,1605.4,9954797,1553.75,1557.7,1522.75,1530,9063596,February 25th 2021
0,1.143017316556627,1,0,0,1,0,1587.05,1588.85,1521.05,1537,13872723,1609.75,1636,1602,1605.4,9954797,February 26th 2021
1,1.7263427109974416,0,0,0,0,1,1564,1572.55,1541,1560.35,11531640,1587.05,1588.85,1521.05,1537,13872723,March 1st 2021
1,0.9741702100653726,0,0,1,0,0,1575.7,1587.3,1551,1573,7936105,1564,1572.55,1541,1560.35,11531640,March 2nd 2021
1,0.694444444444442,1,0,1,0,0,1584,1596,1565,1587,5577599,1575.7,1587.3,1551,1573,7936105,March 3rd 2021
0,2.4228103339634544,0,0,1,0,0,1548.55,1570.8,1539.3,1553,8082820,1584,1596,1565,1587,5577599,March 4th 2021
0,1.4166130070830674,0,0,0,0,1,1531,1545.35,1522.25,1533.4,8665980,1548.55,1570.8,1539.3,1553,8082820,March 5th 2021
1,0.5577172503242522,0,1,0,0,1,1542,1555,1512.5,1522,7518730,1531,1545.35,1522.25,1533.4,8665980,March 8th 2021
1,1.4886731391585806,0,1,1,0,0,1545,1565.7,1543,1563.95,7483320,1542,1555,1512.5,1522,7518730,March 9th 2021
1,0.5120865139949027,1,0,0,1,0,1572,1574.15,1552.25,1556.5,5481848,1545,1565.7,1543,1563.95,7483320,March 10th 2021
1,2.718750000000003,1,0,1,0,0,1600,1600,1535.2,1548,7543318,1572,1574.15,1552.25,1556.5,5481848,March 12th 2021
1,0.025833118057350113,1,0,0,1,0,1548.4,1548.4,1515.55,1530,6088114,1600,1600,1535.2,1548,7543318,March 15th 2021
1,0.058788947677845815,0,0,1,0,0,1530.9,1540.35,1510,1514.7,6773330,1548.4,1548.4,1515.55,1530,6088114,March 16th 2021
1,0.6265376414630097,0,0,0,0,1,1524.25,1539,1490.25,1492.4,10499183,1530.9,1540.35,1510,1514.7,6773330,March 17th 2021
1,1.2799735405986334,0,0,0,1,0,1511.75,1522,1481.3,1495,8935079,1524.25,1539,1490.25,1492.4,10499183,March 18th 2021
0,0.6688963210702337,0,0,0,0,1,1485,1511.2,1474.4,1491.9,10522036,1511.75,1522,1481.3,1495,8935079,March 19th 2021
1,0.20068231988761287,1,0,0,1,0,1494.9,1494.9,1460.4,1473.5,6989583,1485,1511.2,1474.4,1491.9,10522036,March 22nd 2021
0,0.23752969121140222,0,1,0,0,1,1470,1507.2,1469.15,1505.65,9841436,1494.9,1494.9,1460.4,1473.5,6989583,March 23rd 2021
0,0.9796433434065,0,1,0,1,0,1490.9,1506.1,1471,1481.25,8154452,1470,1507.2,1469.15,1505.65,9841436,March 24th 2021
1,0.6005905247617793,1,0,0,0,1,1490.2,1495.55,1450.25,1468,11928313,1490.9,1506.1,1471,1481.25,8154452,March 25th 2021
1,1.7402945113788482,1,0,1,0,0,1494,1499,1474.55,1497.3,5726603,1490.2,1495.55,1450.25,1468,11928313,March 26th 2021
1,0.6205820860850308,0,1,1,0,0,1506.65,1561.9,1504.8,1548.8,12683185,1494,1499,1474.55,1497.3,5726603,March 30th 2021
0,0.05165289256198191,1,0,0,1,0,1548,1548,1488,1494.4,15351247,1506.65,1561.9,1504.8,1548.8,12683185,March 31st 2021
1,0.33346672002134703,1,0,0,1,0,1499.4,1499.4,1473.35,1493,17808230,1548,1548,1488,1494.4,15351247,April 1st 2021
0,0.8707300736771617,1,0,0,1,0,1480,1484.8,1431,1450.2,7941472,1499.4,1499.4,1473.35,1493,17808230,April 5th 2021
1,0.6712328767123243,0,0,0,1,0,1460,1462.55,1433.25,1442,7521879,1480,1484.8,1431,1450.2,7941472,April 6th 2021
0,0.18723994452150006,0,0,0,0,1,1439.3,1456.7,1422.05,1447.25,12519245,1460,1462.55,1433.25,1442,7521879,April 7th 2021
1,0.395732966276674,0,0,0,0,1,1453,1460.8,1430.6,1433.9,8786843,1439.3,1456.7,1422.05,1447.25,12519245,April 8th 2021
0,0.5509449752423512,1,0,0,0,1,1426,1432.8,1415.15,1423.3,13949894,1453,1460.8,1430.6,1433.9,8786843,April 9th 2021
0,2.1288554767090573,1,0,1,0,0,1393,1397.3,1353,1374,11190570,1426,1432.8,1415.15,1423.3,13949894,April 12th 2021
0,0.4366812227074246,0,1,0,0,1,1368,1406.4,1361.4,1401,9246671,1393,1397.3,1353,1374,11190570,April 13th 2021
1,0.2846975088967918,0,0,0,0,1,1405,1436.4,1391.1,1434.25,17034849,1368,1406.4,1361.4,1401,9246671,April 15th 2021
1,0.04878218753266994,0,0,0,1,0,1434.95,1444.9,1423.6,1430.9,7731783,1405,1436.4,1391.1,1434.25,17034849,April 16th 2021
0,2.858340904325951,1,0,1,0,0,1390,1417.6,1372.3,1412.6,11968014,1434.95,1444.9,1423.6,1430.9,7731783,April 19th 2021
1,0.8701754385964988,0,0,0,0,1,1425,1425.65,1384,1390.45,11520334,1390,1417.6,1372.3,1412.6,11968014,April 20th 2021
0,0.7515552518968738,0,0,0,0,1,1380,1426.7,1372.05,1421,19081424,1425,1425.65,1384,1390.45,11520334,April 22nd 2021
0,0.8444757213230125,0,0,1,0,0,1409,1434.5,1400.25,1414.95,11243396,1380,1426.7,1372.05,1421,19081424,April 23rd 2021
0,0.13781405703382488,0,1,0,0,1,1413,1429,1402.75,1407.55,15022988,1409,1434.5,1400.25,1414.95,11243396,April 26th 2021
0,0.02131363006642184,0,1,1,0,0,1407.25,1441.35,1406.05,1437,10260042,1413,1429,1402.75,1407.55,15022988,April 27th 2021
0,0.052192066805845094,0,1,0,1,0,1436.25,1479,1431.55,1474.85,12027833,1407.25,1441.35,1406.05,1437,10260042,April 28th 2021
1,0.7636926389449683,0,0,0,1,0,1486.2,1503.65,1461,1471.65,12002248,1436.25,1479,1431.55,1474.85,12027833,April 29th 2021
0,1.8108925355893146,1,0,0,1,0,1445,1450,1407.6,1413,17538402,1486.2,1503.65,1461,1471.65,12002248,April 30th 2021
0,1.415428167020527,0,0,0,1,0,1393,1421.4,1377.35,1419,11183678,1445,1450,1407.6,1413,17538402,May 3rd 2021
0,0.6377730796335412,0,0,1,0,0,1409.95,1422.75,1383.45,1390.6,10668735,1393,1421.4,1377.35,1419,11183678,May 4th 2021
1,0.7954342785803536,1,0,0,1,0,1401.75,1409.6,1381.8,1405.85,7173775,1409.95,1422.75,1383.45,1390.6,10668735,May 5th 2021
1,0.09593519044912568,0,0,0,1,0,1407.2,1410.75,1395.1,1403.4,5726981,1401.75,1409.6,1381.8,1405.85,7173775,May 6th 2021
1,0.6090651558073645,0,1,0,0,1,1412,1424.9,1410.85,1413.45,5989375,1407.2,1410.75,1395.1,1403.4,5726981,May 7th 2021
1,0.980769904374934,1,0,0,0,1,1427.45,1429,1412.85,1423,5501195,1412,1424.9,1410.85,1413.45,5989375,May 10th 2021
0,1.7041461700632476,0,1,1,0,0,1398.75,1424.2,1396.4,1402.55,7167899,1427.45,1429,1412.85,1423,5501195,May 11th 2021
0,0.23172079426758696,1,0,1,0,0,1399.3,1408.6,1389.15,1399.05,6856090,1398.75,1424.2,1396.4,1402.55,7167899,May 12th 2021
0,0.2930560022872619,1,0,0,0,1,1394.95,1398.7,1382.95,1387.3,5173943,1399.3,1408.6,1389.15,1399.05,6856090,May 14th 2021
1,0.6232091690544395,0,0,1,0,0,1396,1442.5,1382.25,1438.5,7543133,1394.95,1398.7,1382.95,1387.3,5173943,May 17th 2021
1,1.401692998389259,0,1,0,0,1,1458.95,1482.6,1455.75,1478.15,11016441,1396,1442.5,1382.25,1438.5,7543133,May 18th 2021
0,0.5378344552312009,0,0,0,1,0,1470.2,1478.05,1453,1459.1,5012585,1458.95,1482.6,1455.75,1478.15,11016441,May 19th 2021
0,0.0514015489000097,0,0,0,1,0,1458.35,1465.55,1428.55,1435.3,5327152,1470.2,1478.05,1453,1459.1,5012585,May 20th 2021